{
	"info": {
		"_postman_id": "d826151e-3827-4e46-9e8a-dfeb4693c780",
		"name": "Review",
		"schema": "https://schema.getpostman.com/json/collection/v2.1.0/collection.json"
	},
	"item": [
		{
			"name": "Product Review",
			"request": {
				"method": "POST",
				"header": [],
				"body": {
					"mode": "formdata",
					"formdata": [
						{
							"key": "product_id",
							"value": "5",
							"type": "text"
						},
						{
							"key": "user_id",
							"value": "2",
							"type": "text"
						},
						{
							"key": "review_text",
							"value": "Qualityful product.",
							"type": "text"
						}
					]
				},
				"url": {
					"raw": "http://localhost/product-api/",
					"protocol": "http",
					"host": [
						"localhost"
					],
					"path": [
						"product-api",
						""
					]
				}
			},
			"response": []
		}
	]
}